[
  {
    "id": 1,
    "title": "iPhone 9",
    "description": "An apple mobile which is nothing like apple",
    "price": 549,
    "discountPercentage": 12.96,
    "rating": 4.69,
    "stock": 94,
    "brand": "Apple",
    "category": "smartphones"
  },
  {
    "id": 2,
    "title": "Samsung Galaxy S21",
    "description": "Latest Samsung smartphone with cutting-edge features",
    "price": 799,
    "discountPercentage": 10.00,
    "rating": 4.85,
    "stock": 120,
    "brand": "Samsung",
    "category": "smartphones"
  },
  {
    "id": 3,
    "title": "Google Pixel 6",
    "description": "Google's newest Pixel phone with advanced AI capabilities",
    "price": 699,
    "discountPercentage": 15.00,
    "rating": 4.75,
    "stock": 85,
    "brand": "Google",
    "category": "smartphones"
  },
  {
    "id": 4,
    "title": "OnePlus 9 Pro",
    "description": "High-performance smartphone with Hasselblad camera",
    "price": 969,
    "discountPercentage": 8.50,
    "rating": 4.60,
    "stock": 60,
    "brand": "OnePlus",
    "category": "smartphones"
  },
  {
    "id": 5,
    "title": "Sony Xperia 5 II",
    "description": "Sony's compact flagship with professional camera features",
    "price": 949,
    "discountPercentage": 9.75,
    "rating": 4.55,
    "stock": 50,
    "brand": "Sony",
    "category": "smartphones"
  },
  {
    "id": 6,
    "title": "Huawei P40 Pro",
    "description": "Huawei's top-tier phone with excellent photography capabilities",
    "price": 899,
    "discountPercentage": 11.00,
    "rating": 4.70,
    "stock": 70,
    "brand": "Huawei",
    "category": "smartphones"
  },
  {
    "id": 7,
    "title": "Xiaomi Mi 11 Ultra",
    "description": "Xiaomi's premium phone with a powerful camera setup",
    "price": 749,
    "discountPercentage": 13.50,
    "rating": 4.80,
    "stock": 65,
    "brand": "Xiaomi",
    "category": "smartphones"
  },
  {
    "id": 8,
    "title": "Oppo Find X3 Pro",
    "description": "Oppo's flagship with an innovative display and camera",
    "price": 1099,
    "discountPercentage": 7.00,
    "rating": 4.65,
    "stock": 40,
    "brand": "Oppo",
    "category": "smartphones"
  },
  {
    "id": 9,
    "title": "LG Wing",
    "description": "LG's unique phone with a swiveling display",
    "price": 999,
    "discountPercentage": 14.00,
    "rating": 4.50,
    "stock": 30,
    "brand": "LG",
    "category": "smartphones"
  },
  {
    "id": 10,
    "title": "Nokia 8.3 5G",
    "description": "Nokia's robust phone with 5G and PureView camera",
    "price": 649,
    "discountPercentage": 10.50,
    "rating": 4.55,
    "stock": 90,
    "brand": "Nokia",
    "category": "smartphones"
  }
]
